"1","Pizza","Delicious 13-inch pizzas topped with fresh and vibrant ingredients. Some pizzas are available fresh or frozen!","Pizza_menu title.jpg","1"
"2","Salads",""Hand-crafted"," fresh salads. Available as small and large."","Insalata_menu title.jpg","1"
"3","Panini","Panini's on house made buns.","Panini_menu title.jpg","1"
"4","Market Menu","Homemade goods to create your own dishes with!","","1"
"5","Drinks","Enjoy a refreshing beverage with your meal.","","1"
"6","Desserts","Add a delicious dessert to your order.","Desserts_title.jpg","1"
"7","Heat and Eat","With these items you will know what you are having for dinner tonight.","","1"
"8","Pasta Sauces",""Choose from our variety of Pasta Sauces"," all made in house with no preservatives"","","1"
"9","Oven Ready Meals","With these items you will know what you are having for dinner tonight.","","1"
"10","Pasta","Fresh Pasta.  Best when paired with one of our Pasta Sauces.","","1"
"11","Condiments","Your salad will thank you","","1"