"1","Piccante","","","","","15","0","0","0","1","1"
"2","The Sal","","","","","13","0","0","0","1","1"
"3","Vespa","","","","","17","0","0","0","1","1"
"4","Balboa","","","","","17","0","0","0","1","1"
"5","Verdua","","","","","17","0","0","0","1","1"
"6","Margherita","","","","","13","0","0","0","1","1"
"7","Za Za","","","","","17","0","0","0","1","1"
"8","Quattro Stagioni","","","","","14","0","0","0","1","1"
"9","Vesuvius","","","","","19","0","0","0","1","1"
"10","Pepperoni a Classico","","","","","14","0","0","0","1","1"
"11","Artista","","","","","16","0","0","0","1","1"
"12","Vagabondo","","","","","17","0","0","0","1","1"
"13","Galileo","","","","","19","0","0","0","1","1"
"14","Marco Pollo","","","","","17","0","0","0","1","1"
"15","Sofia","","","","","18","0","0","0","1","1"
"16","Nicola","","","","","18","0","0","0","1","1"
"17","Build Your Own Pizza","","Choose four toppings of your choice!","","","20","0","0","1","1","1"
"18","Insalata di Cesare","small","Romaine lettuce and croutons with freshly grated Parmesan cheese, drizzled with house,made Caesar dressing.","","","7","0","0","0","1","1"
"19","Insalata Mista","small","Mixture of fresh Romaine, spring mix, onions, carrots, and tomatoes. Served with your choice of house, ranch, or French dressing.","","","7","0","0","0","1","1"
"20","Insalata di Cesare","large","Romaine lettuce and croutons with freshly grated Parmesan cheese, drizzled with house,made Caesar dressing.","","","10","0","0","0","1","1"
"21","Insalata Mista","large","Mixture of fresh Romaine, spring mix, onions, carrots, and tomatoes. Served with your choice of house, ranch, or French dressing.","","","10","0","0","0","1","1"
"22","Caprese","","Tomatoes, bocconcini, basil, Romaine lettuce, and balsamic glaze on your choice of bread.","","","11","0","0","0","1","1"
"23","Pollo","","Grilled chicken, mozzarella, tomatoes, Romaine lettuce, and pesto mayo on your choice of bread.","","","13","0","0","0","1","1"
"24","The De Minico","","Mortadella, prosciutto, salami, roasted red peppers, Romaine lettuce, mozzarella, and vegetable spread on your choice of bread.","","","12","0","0","0","1","1"
"25","Volta","","Spicy salami, hot capicollo, sautéed jalapenos, sautéed onions, spicy eggplants, mozzarella, and vegetable spread on your choice of bread.","","","12","0","0","0","1","1"
"26","Tacchino","","Sliced turkey, pancetta, Romaine lettuce, tomatoes, roasted peppers, mozzarella, and vegetable spread on your choice of bread.","","","13","0","0","0","1","1"
"27","Spolumbo's","","Spolumbo sausage, onions, romaine lettuce, mozzarella, and tomato sauce.","","","12","0","0","0","1","1"
"28","Giardino","","Zucchini, eggplants, tomatoes, onions, roasted peppers, Romaine lettuce, mozzarella, and pesto on your choice of bread.","","","12","0","0","0","1","1"
"29","Pasta Sauce","750 ml","","","","10","0","0","0","1","1"
"30","Arrabiatta Pasta Sauce","750 ml","","","","10","0","0","0","1","1"
"31","Pizza Dough Ball","13 oz","Attempt to makke pizza as good as De Minico's by taking our pizza dough home!","","","6","0","0","0","1","1"
"32","Pizza Sauce","300 ml","A serving of pizza sauce.","","","6","0","0","0","1","1"
"33","Pizza Dough Ball & Pizza Sauce","","Make your own pizza at home with this delicious combination.","","","8","1","0","0","1","1"
"34","Canned Pop","355 ml","Order from an assortment of canned pop drinks.","","","1","0","0","0","1","1"
"35","Bottled Pop","","Order from an assortment of bottled pop drinks.","","","4","0","0","0","1","0"
"36","Bottled Juice","","Order from an assortment of botled juices.","","","5","0","0","0","1","1"
"37","Bottled Water"," 591 ml","Quench your thirst with a bottle of water.","","","3","0","0","0","1","1"
"38","Sparkling Water","","A perfect,size serving of sparkling water.","","","4","0","0","0","1","1"
"39","SanPellegrino","330 ml","Order from an assortment of flavours!","","","4","0","0","0","1","1"
"40","Cannoli","","Choose from a selection of homemade cannoli flavours.","","","2","0","0","0","1","1"
"41","Jalapenos","","","","","1","0","1","0","1","1"
"42","Pepperoni","","","","","1","0","2","0","1","1"
"43","Onions","","","","","1","0","3","0","1","1"
"44","Sausage","","","","","1","0","4","0","1","1"
"45","Fresh Mozzarella Cheese","","","","","1","0","5","0","1","1"
"46","Tomato Sauce","","","","","1","0","6","0","1","1"
"47","Artichokes","","","","","1","0","7","0","1","1"
"48","Arugula","","","","","1","0","8","0","1","1"
"49","Barbeque Sauce","","","","","1","0","9","0","1","1"
"50","Beef","","","","","1","0","10","0","1","1"
"51","Beets","","","","","1","0","11","0","1","1"
"52","Black Olives","","","","","1","0","12","0","1","1"
"53","Capicollo","","","","","1","0","13","0","1","1"
"54","Chicken","","","","","1","0","14","0","1","1"
"55","Crumbled Sausage","","","","","1","0","15","0","1","1"
"56","Feta","","","","","1","0","16","0","1","1"
"57","Fresh Basil","","","","","1","0","17","0","1","1"
"58","Fresh Shaved Parmesan","","","","","1","0","18","0","1","1"
"59","Fresh Tomatoes","","","","","1","0","19","0","1","1"
"60","Green Peppers","","","","","1","0","20","0","1","1"
"61","Ham","","","","","1","0","21","0","1","1"
"62","Hot Capicollo","","","","","1","0","22","0","1","1"
"63","Hot Salami","","","","","1","0","23","0","1","1"
"64","Mushrooms","","","","","1","0","24","0","1","1"
"65","Olives","","","","","1","0","25","0","1","1"
"66","Pancetta","","","","","1","0","26","0","1","1"
"67","Peppers","","","","","1","0","27","0","1","1"
"68","Pesto","","","","","1","0","28","0","1","1"
"69","Prosciutto","","","","","1","0","29","0","1","1"
"70","Roasted Red Peppers","","","","","1","0","30","0","1","1"
"71","Spicy Eggplant","","","","","1","0","31","0","1","1"
"72","Spinach","","","","","1","0","32","0","1","1"
"73","Sun Dried Tomato","","","","","1","0","33","0","1","1"
"74","Coke","","","","","1","0","34","0","1","1"
"75","Diet Coke","","","","","1","0","35","0","1","1"
"76","Sprite","","","","","1","0","36","0","1","1"
"77","Gingerale","","","","","1","0","37","0","1","1"
"78","Dasani Water","","","","","3","0","38","0","1","1"
"79","Chinnotto","","","","","4","0","39","0","1","1"
"80","Pomegranite","","","","","4","0","40","0","1","1"
"81","Pizza Cheese","150 g","","","","7","0","0","0","1","1"
"82","Pizza Kit","dough, sauce, cheese","","","","10","2","0","0","1","1"